Pack,Category,Style,What's in it,Counts,Size,UE,Seller,Imported into,VaultCache folder,FabLibrary folder,Cache status,SM,SK,T,M,MI,VFX,Anim,BP,Audio,Maps,FBX,Images
Bossy Enemy Animation Pack,Animation,"fantasy, souls-like","Boss enemy animations (attacks, stagger and more). UE4 mannequin assets included.","5 SK, 9 T, 6 M, 37 anim, 1 map",34 MB,4.21,kampinis,none,BossyEne17b53f7123f6V2,Bossy_Enemy_Animation_Pack-ca966d08,in VaultCache,0,5,9,6,0,0,37,0,0,1,0,0
Combat Magic Animations,Animation,fantasy,"Spell casting, levitating and chanting animations with a demo map.","3 SK, 14 T, 4 MI, 88 anim, 1 BP, 1 map",0.2 GB,5.8,,none,CombatMa30df35934c5fV1,Combat_Magic_Animations-05d90ca6,in VaultCache,0,3,14,0,4,0,88,1,0,1,0,0
Death Animations - MoCap Pack,Animation,realistic mocap,16 death animations as FBX with an animation list PDF.,17 FBX,32 MB (FBX cache),,MoCap Online,none (FabLibrary only),not in VaultCache,Death_Animations_-_MoCap_Pack-2b00697b,FabLibrary only,0,0,0,0,0,0,0,0,0,0,17,3
Generic NPC Anim Pack,Animation,n/a,69 generic NPC mocap animations as FBX.,68 FBX,63 MB (FBX cache),,AnimagixCapture,none (FabLibrary only),not in VaultCache,Generic_NPC_Anim_Pack-594b5d4e,FabLibrary only,0,0,0,0,0,0,0,0,0,0,68,1
Guitarist | Animations,Animation,n/a (music),"Guitar performance animations plus guitar, stand and mic props.","20 SM, 8 SK, 153 T, 5 M, 79 MI, 118 anim, 1 map",1.8 GB,5.7,,none,TheGuita4ecff7369d19V1,Guitarist___Animations-407d1e50,in VaultCache,20,8,153,5,79,0,118,0,0,1,0,0
MoCap Online Free Animation Pack,Animation,realistic mocap,"Free mocap set (walk, conversation and more) with FBX, Maya and MotionBuilder sources and A/T pose mannequins.","3 SK, 9 T, 2 M, 38 anim, 1 map, 41 FBX, 4 image files",0.1 GB,4.23,MoCap Online,none,MCOMocapfb837d928a3eV1,MoCap_Online_Free_Animation_Pack___UNREAL_3D_Character_Animations_for_FAB_Market-64c53af0,in VaultCache,0,3,9,2,0,0,38,0,0,1,41,4
Morbid Motions | Animations and Poses,Animation,dark (from title),Two volumes of animations and poses on the mannequin; Manny and Quinn skeletal meshes.,"8 SK, 37 T, 3 M, 4 MI, 221 anim, 2 BP, 3 maps",0.7 GB,5.6,,none,Morbidmo348ec2641abaV1,Morbid_Motions___Animations_and_Poses-a61c68fc,in VaultCache,0,8,37,3,4,0,221,2,0,3,0,0
Rolls and Dodges Animation Set,Animation,n/a (UE4 mannequin),"18 hand-keyed roll and dodge animations, in place and root motion; FBX sources.","2 SK, 8 T, 2 M, 36 anim, 1 map, 36 FBX",47 MB,4.18,Hammerhead,none,Rollsand7cdbc5c39a9fV3,Rolls_and_Dodges_Animation_Set-567ab9c7,in VaultCache,0,2,8,2,0,0,36,0,0,1,36,0
Strike A Pose - Animation Pack,Animation,n/a (UE4 mannequin),"14 idle poses with 600+ animations: transitions, walk, gestures, plus animation blueprints.","2 SK, 4 T, 962 anim, 17 BP, 2 maps",0.2 GB,4.21,Infectedfury,none,StrikeAPd51198e79d74V2,Strike_A_Pose_-_Animation_Pack-e6067254,in VaultCache,0,2,4,0,0,0,962,17,0,2,0,0
Swim | Animations,Animation,n/a,"Hand-keyed swimming set: in place and root motion, transitions, additives, props.","7 SM, 10 SK, 39 T, 5 MI, 845 anim, 4 BP, 1 map",0.8 GB,5.9,Ursa.Animation,none,Swimming504f5e11d2bfV4,Swim___Animations-e57a16c3,in VaultCache,7,10,39,0,5,0,845,4,0,1,0,0
Trumpet & Sax | Animations,Animation,n/a (music),Sax (9) and trumpet (7 each) animations for UE5 and UE4 skeletons.,"5 SM, 8 SK, 94 T, 5 M, 41 MI, 46 anim, 1 map",0.9 GB,5.7,Ursa.Animation,none,TheSaxTr5a8d23b47dd4V1,Trumpet___Sax___Animations-f7e1e611,in VaultCache,5,8,94,5,41,0,46,0,0,1,0,0
Zombie Movement and Modular Interaction Animations,Animation,horror,"34 zombie animations: movement, taunts, crawl, hops, interactions.","1 SM, 1 SK, 9 T, 2 MI, 48 anim, 3 BP, 1 map",37 MB,4.23,ByteSumPi LTD,none,ZombieAnc4dbb87c3f71V1,Zombie_Movement_and_Modular_Interaction_Animations-0ab8b490,in VaultCache,1,1,9,0,2,0,48,3,0,1,0,0
UEFN Mannequin (Epic),Characters,n/a,Fortnite UEFN mannequin as one FBX.,1 FBX,3 MB (FBX cache),,Epic Games,none from this FBX; the UEFN mannequin in Runner and Sandbox comes from Game Animation Sample,not in VaultCache,UEFN_Mannequin-18699cc7,FabLibrary only,0,0,0,0,0,0,0,0,0,0,1,1
Abandoned Sea Platform - Post-Apocalyptic Offshore Environment Pack,Environment kit,post-apocalyptic,"Offshore sea platform with 145 meshes, a preassembled map, water and a simple player.","145 SM, 3 SK, 314 T, 23 M, 108 MI, 11 anim, 2 BP, 12 audio, 6 maps",2.1 GB,5.8,No Mad Studios,none,Abandone48723a43879eV3,Abandoned_Sea_Platform___Post-Apocalyptic_Offshore_Environment_Pack-0f1cd1af,in VaultCache,145,3,314,23,108,0,11,2,12,6,0,0
Big Slum Alley,Environment kit,"cyberpunk, realistic",Neon-lit slum alley with a showcase map.,"228 SM, 104 T, 16 M, 47 MI, 4 NS/P, 6 BP, 2 maps",3.1 GB,5.9,Akairo,none,Realisti74d00098ac74V1,Big_Slum_Alley-01e154f0,in VaultCache,228,0,104,16,47,4,0,6,0,2,0,0
Buildings VOL.11 - Modular Offices (Low Poly),Environment kit,"low poly, modern","Modular office pieces: drop ceilings, office modules, catwalks. Also holds a VOL7 subfolder.","112 SM, 52 T, 7 M, 15 MI, 4 maps",0.5 GB,5.4,,none,Building8626b816566aV1,Buildings_VOL_11_-_Modular_Offices__Low_Poly_-a5f1ae0f,in VaultCache,112,0,52,7,15,0,0,0,0,4,0,0
Buildings VOL.8 - Commercial Doors (Nanite and Low Poly),Environment kit,"low poly, modern","Commercial door set, 125 meshes.","125 SM, 149 T, 4 M, 38 MI, 2 maps (from manifest)",not downloaded,5.4,,none (FabLibrary only),not in VaultCache,Buildings_VOL_8_-_Commercial_Doors__Nanite___Low_Poly_-b44a1cdd,FabLibrary only,125,0,149,4,38,0,0,0,0,2,0,0
Buildings VOL.9 - Modular Pipes & Gutters (Nanite and Low Poly),Environment kit,"low poly, modern","Modular pipes and gutters, 221 meshes.","221 SM, 44 T, 3 M, 11 MI, 4 maps (from manifest)",not downloaded,5.4,,none (FabLibrary only),not in VaultCache,Buildings_VOL_9_-_Modular_Pipes___Gutters__Nanite___Low_Poly_-6e1b394a,FabLibrary only,221,0,44,3,11,0,0,0,0,4,0,0
Bunker,Environment kit,unknown,"Bunker kit with 99 meshes, UE 4.21.","99 SM, 123 T, 45 M, 2 maps (from manifest)",not downloaded,4.21,,none (FabLibrary only),not in VaultCache,Bunker-8322737f,FabLibrary only,99,0,123,45,0,0,0,0,0,2,0,0
CCA Subway Train Terminal,Environment kit,realistic,"Subway train terminal with 2K textures and a master material (per Fab text), demo map.","98 SM, 161 T, 8 M, 86 MI, 9 BP, 2 maps",1.1 GB,5.2,Dekogon Studios,none,CCASubwa44868f8f5190V1,CCA_Subway_Train_Terminal-36c54bc6,in VaultCache,98,0,161,8,86,0,0,9,0,2,0,0
City Subway Tunnel,Environment kit,unknown,Subway tunnel kit with a project file.,"125 SM, 198 T, 20 M, 69 MI, 2 NS/P, 7 BP, 2 maps (from manifest)",not downloaded,5.5,,none (FabLibrary only),not in VaultCache,City_Subway_Tunnel-248c759c,FabLibrary only,125,0,198,20,69,2,0,7,0,2,0,1
Construction Site: Loader,Environment kit,unknown,"Construction site with a loader (per title), 5 skeletal meshes, VFX and audio. App name is SCANSConstruction.","71 SM, 5 SK, 188 T, 39 M, 73 MI, 22 NS/P, 9 anim, 16 BP, 11 audio, 6 maps (from manifest)",not downloaded,5.4,,none (FabLibrary only),not in VaultCache,Construction_Site__Loader-0446ac42,FabLibrary only,71,5,188,39,73,22,9,16,11,6,0,0
Cyber-Town Pack,Environment kit,cyberpunk,"Cyberpunk town environment with blueprints, master material and 4 maps.","152 SM, 258 T, 27 M, 85 MI, 3 NS/P, 29 BP, 4 maps",1.6 GB,5.6,Meshingun Studio,none,CyberTowf9bb40409813V4,Cyber-Town_Pack-9d6af06b,in VaultCache,152,0,258,27,85,3,0,29,0,4,0,0
"Cyberpunk City (Cyberpunk, Cyberpunk City, Sci-Fi City)",Environment kit,"cyberpunk, sci-fi","City street kit: shops, billboards, boats, paper clutter, foliage, cinematics, 2 maps.","276 SM, 234 T, 66 M, 100 MI, 13 NS/P, 17 BP, 2 maps, 1879 World Partition actor files",1.6 GB,5.4,,none,Cyberpuna23b60dc3dcaV1,Cyberpunk_City__Cyberpunk__Cyberpunk_City__Sci-Fi_City_-0a9b750d,in VaultCache,276,0,234,66,100,13,0,17,0,2,0,0
Downtown Alley,Environment kit,modern urban (style not stated),"Alley kit: 30+ modular building pieces, 100+ props, showcase map with 3 lighting setups.","187 SM, 87 T, 13 M, 65 MI, 2 NS/P, 5 BP, 4 maps",1.6 GB,5.6,Emran Arts,none,Downtown70bcb86da481V2,Downtown_Alley-a104cf32,in VaultCache,187,0,87,13,65,2,0,5,0,4,0,0
Dreamscape: Stylized Environment Tower - Stylized Nature Open World Fantasy,Environment kit,stylized fantasy,Stylized fantasy tower and nature kit with shared resources and particles.,"201 SM, 319 T, 70 M, 95 MI, 20 NS/P, 8 BP, 3 maps",1.7 GB,5.8,Polyart Studio,none,Dreamsca5d47ad51b755V3,Dreamscape__Stylized_Environment_Tower_-_Stylized_Nature_Open_World_Fantasy-c4e83f22,in VaultCache,201,0,319,70,95,20,0,8,0,3,0,0
Echo Prime Living Quarters (Low Poly),Environment kit,"sci-fi, low poly","Sci-fi living quarters with 2K textures and a master material (per Fab text), 2 maps.","99 SM, 122 T, 16 M, 84 MI, 2 NS/P, 2 maps",1.2 GB,5.7,Dekogon Studios,none,EchoPrim9ded151d3e2cV1,Echo_Prime_Living_Quarters__Low_Poly_-293c874b,in VaultCache,99,0,122,16,84,2,0,0,0,2,0,0
European Village - French Village - Modern Village,Environment kit,unknown (European village),"Village buildings, windows, balustrades, foliage and props; main and props maps.","38 SM, 88 T, 6 M, 33 MI, 2 maps",2.3 GB,5.3,,none,European7848079e356aV1,European_Village_-_French_Village_-_Modern_Village-c31422c0,in VaultCache,38,0,88,6,33,0,0,0,0,2,0,1
"House On A Hill (House, Houses, Fantasy House, Stylized House)",Environment kit,stylized fantasy,"House on a hill (code name Feather): geometry, materials, cinematics, 5 maps.","67 SM, 4 SK, 206 T, 86 M, 48 MI, 6 NS/P, 9 anim, 1 BP, 24 audio, 5 maps",1.7 GB,5.9,Hivemind,none,HouseOnA1eccd9aedfedV3,House_On_A_Hill__House__Houses__Fantasy_House__Stylized_House_-92f85d39,in VaultCache,67,4,206,86,48,6,9,1,24,5,0,2
Industrial Area Hangar,Environment kit,unknown,"Hangar kit, UE 4.23.","142 SM, 222 T, 65 M, 1 MI, 3 maps (from manifest)",not downloaded,4.23,,none (FabLibrary only),not in VaultCache,Industrial_Area_Hangar-843b02a2,FabLibrary only,142,0,222,65,1,0,0,0,0,3,0,0
"Industrial Factory (Factory, Warehouse, Industrial Factory, Modular Factory)",Environment kit,industrial (style not stated),Modular factory with a PCG setup and 59 maps.,"350 SM, 202 T, 34 M, 144 MI, 2 NS/P, 46 BP, 59 maps, 3245 World Partition actor files",3.7 GB,5.8,Hivemind,none,ModularF1060bd866ab4V1,Industrial_Factory__Factory__Warehouse__Industrial_Factory__Modular_Factory_-02708474,in VaultCache,350,0,202,34,144,2,0,46,0,59,0,0
Industrial Infrastructure,Environment kit,"realistic, industrial","Industrial parts only (no environment): wall panels, columns, catwalks, beams.","152 SM, 93 T, 8 M, 38 MI, 1 BP, 1 map",4.1 GB,5.9,Sierra Division,none,Industrid6d94fb71540V1,Industrial_Infrastructure-60cf60a7,in VaultCache,152,0,93,8,38,0,0,1,0,1,0,0
Industrial VOL.1 - Worksite (Nanite and Low Poly),Environment kit,"low poly, industrial","Worksite props: oil drums, road stands, cages, concrete bricks, metal scraps.","191 SM, 153 T, 3 M, 50 MI, 2 maps",3.4 GB,5.4,,none,Industri355a6784a733V1,Industrial_VOL_1_-_Worksite__Nanite_and_Low_Poly_-abb170bb,in VaultCache,191,0,153,3,50,0,0,0,0,2,0,0
"Medieval Kingdom (Medieval Castle, Medieval Town, Modular Castle, Castle)",Environment kit,medieval,"Modular castle and town with scanned foliage, cinematics and 43 maps.","582 SM, 11 SK, 493 T, 140 M, 196 MI, 15 NS/P, 11 anim, 59 BP, 43 maps, 8875 World Partition actor files",8.3 GB,5.8,,none,ModularM43deebcc3fd4V1,Medieval_Kingdom__Medieval_Castle__Medieval_Town__Modular_Castle__Castle_-42d4a792,in VaultCache,582,11,493,140,196,15,11,59,0,43,0,0
"Military Base Megapack (Modular Military Base, Military Facility, Outpost, Army)",Environment kit,military (style not stated),Modular military base kit with blueprints and 24 maps.,"301 SM, 8 SK, 430 T, 37 M, 145 MI, 11 anim, 21 BP, 24 maps, 16664 World Partition actor files",8.7 GB,5.8,,none,Military047fcd641de6V1,Military_Base_Megapack__Modular_Military_Base__Military_Facility__Outpost__Army_-61202d6c,in VaultCache,301,8,430,37,145,0,11,21,0,24,0,0
Modular Container Houses - Survival Base Pack,Environment kit,survival (style not stated),"Container house modules: wood and metal walls, doors, roofs, windows.","79 SM, 57 T, 1 M, 27 MI, 2 maps, 757 World Partition actor files",1.0 GB,5.6,,none,ModularCb2dd3983775cV1,Modular_Container_Houses_-_Survival_Base_Pack-88cd6710,in VaultCache,79,0,57,1,27,0,0,0,0,2,0,0
"Modular Hospital (Abandoned Hospital, Horror Hospital, Modular Hospital, Asylum)",Environment kit,horror,"Modular abandoned hospital: props, decals, particles, 3 maps.","75 SM, 114 T, 58 M, 1 NS/P, 1 BP, 3 maps, 2 FBX",1.7 GB,5.8,Hivemind,none,ModularHfe325a221461V1,Modular_Hospital__Abandoned_Hospital__Horror_Hospital__Modular_Hospital__Asylum_-1f0875c0,in VaultCache,75,0,114,58,0,1,0,1,0,3,2,1
Modular Sci-Fi Factory,Environment kit,"sci-fi, industrial","Modular factory: corridors, labs, pipes, doors and 17 maps.","118 SM, 14 SK, 55 T, 11 M, 62 MI, 2 NS/P, 15 BP, 17 maps",0.7 GB,5.7,Akairo,none,TheBigScb7622a15bc02V1,Modular_Sci-Fi_Factory-01117b50,in VaultCache,118,14,55,11,62,2,0,15,0,17,0,0
Modular Sci-Fi Indoor/Outdoor environment pack - Rocky Swampy Planet,Environment kit,sci-fi,"Sci-fi indoor and outdoor modules, 320 meshes.","320 SM, 182 T, 27 M, 77 MI, 2 BP, 3 maps, 83 FBX, 164 World Partition actor files (from manifest)",not downloaded,5.4,,none (FabLibrary only),not in VaultCache,Modular_Sci-Fi_Indoor_Outdoor_environment_pack_-_Rocky_Swampy_Planet-9190e4a3,FabLibrary only,320,0,182,27,77,0,0,2,0,3,83,0
Modular Sci-Fi Treatment Station Environment,Environment kit,sci-fi,Modular treatment station with blueprints and a demo map.,"90 SM, 175 T, 29 M, 37 MI, 4 BP, 2 maps",1.5 GB,5.4,Tris Games,none,Treatmena36f25b3aa5aV1,Modular_Sci-Fi_Treatment_Station_Environment-d8ac4186,in VaultCache,90,0,175,29,37,0,0,4,0,2,0,0
"Modular Sewers & Tunnels (Modular Sewers, Modular Tunnels, Modular Corridor)",Environment kit,unknown (sewers),"Modular sewer and tunnel pieces, decals, particles, scanned foliage, 5 maps.","120 SM, 5 SK, 191 T, 24 M, 59 MI, 1 NS/P, 9 anim, 13 BP, 5 maps, 46 World Partition actor files",3.4 GB,5.6,,none,ModularSb35746afa6c6V1,Modular_Sewers___Tunnels__Modular_Sewers__Modular_Tunnels__Modular_Corridor_-df316c19,in VaultCache,120,5,191,24,59,1,9,13,0,5,0,0
Modular Stylized Medieval Town,Environment kit,stylized medieval,"Modular medieval town: landscape layers, sequencer, 3 maps.","81 SM, 118 T, 28 M, 53 MI, 2 NS/P, 6 BP, 3 maps",0.3 GB,5.2,StylArts,none,ModularScdd835f86695V1,Modular_Stylized_Medieval_Town___Medieval_Town_Medieval_Medieval_Stylised_Town__-4d8463f8,in VaultCache,81,0,118,28,53,2,0,6,0,3,0,0
Modular Urban City Asset Megapack,Environment kit,modern urban (style not stated),"City megapack: train station, skyscrapers, signs, walls, trees, audio. 399+ meshes.","399 SM, 363 T, 11 M, 157 MI, 1 NS/P, 11 BP, 10 audio, 5 maps",4.9 GB,4.21,Switchboard Studios,none,ModularUe6c707abad9fV1,Modular_Urban_City_Asset_Megapack-d86cf0c7,in VaultCache,399,0,363,11,157,1,0,11,10,5,0,0
Neon Point - Chinese Streets Environment,Environment kit,"neon, realistic","Chinese street kit with a full scene, 4K textures and a master material (per Fab text).","616 SM, 755 T, 38 M, 251 MI, 1 BP, 2 maps",12.7 GB,5.8,,none,NeonPoin6ed8d57290e2V1,Neon_Point_-_Chinese_Streets_Environment-45204f43,in VaultCache,616,0,755,38,251,0,0,1,0,2,0,0
Polar Facility | Modular Sci-Fi Environment Kit,Environment kit,sci-fi,"Modular polar sci-fi facility with particles, sequences, 6 maps.","56 SM, 66 T, 122 M, 26 NS/P, 6 maps",0.9 GB,5.7,3DBrushwork,none,PolarSci1da045dbf3a7V2,Polar_Facility___Modular_Sci-Fi_Environment_Kit-58f90d16,in VaultCache,56,0,66,122,0,26,0,0,0,6,0,1
Ready Map Vol 2 - Bridge Environment / Nature,Environment kit,unknown (folder is named StylizedBridge; Fab category is post-apocalyptic),"Bridges with road props, vegetation, landscape material and a full map.","470 SM, 184 T, 21 M, 83 MI, 125 BP, 3 maps",1.2 GB,5.9,Six Sides Studios,none,BridgeEn0e6101f6c918V1,Ready_Map_Vol_2_-_Bridge_Environment___Nature-95ff3c25,in VaultCache,470,0,184,21,83,0,0,125,0,3,0,0
Roman Volcanic Temple (Ancient Medieval Village Greek Buildings City Street),Environment kit,ancient / historical,"Roman volcanic temple village: 178 meshes, cinematic, particles, 2 maps.","182 SM, 175 T, 17 M, 60 MI, 5 NS/P, 12 BP, 2 maps",1.6 GB,5.4,Leartes Studios,none,RomanVolfcae816ae732V1,Roman_Volcanic_Temple___Ancient_Medieval_Village_Greek_Buildings_City_Street__-5607bf58,in VaultCache,182,0,175,17,60,5,0,12,0,2,0,0
Safe House,Environment kit,unknown,"Safe house kit, 484 meshes, UE 4.23.","484 SM, 253 T, 17 M, 116 MI, 18 BP, 2 maps (from manifest)",not downloaded,4.23,,none (FabLibrary only),not in VaultCache,Safe_House-0c106ab4,FabLibrary only,484,0,253,17,116,0,0,18,0,2,0,0
Science Laboratory,Environment kit,sci-fi / science (style not stated),"Science lab kit, 448 meshes.","448 SM, 217 T, 10 M, 156 MI, 5 NS/P, 27 BP, 2 maps (from manifest)",not downloaded,5.6,,none (FabLibrary only),not in VaultCache,Science_Laboratory-b07022ea,FabLibrary only,448,0,217,10,156,5,0,27,0,2,0,0
Scifi Kitbash Level Builder,Environment kit,sci-fi,Sci-fi kitbash pieces (UE 4.16). Not extracted: the data folder is empty and only a 629 MB stage folder exists. Counts come from the manifest.,"116 SM, 200 T, 16 M, 55 MI, 2 maps (from manifest)",not extracted (stage 629 MB),4.16,,none,ScifiKitbash415,Scifi_Kitbash_Level_Builder-357911db,in VaultCache,116,0,200,16,55,0,0,0,0,2,0,0
Soul: City,Environment kit,cyberpunk (Fab category); optimized for mobile,"Epic 2014 Soul demo props, materials, textures and effects, with landscape and footstep sounds.","419 SM, 201 T, 119 M, 115 MI, 26 NS/P, 4 BP, 56 audio, 4 maps",1.7 GB,4.18,Epic Games,none,SoulCity419,Soul__City-dd77fee6,in VaultCache,419,0,201,119,115,26,0,4,56,4,0,0
Spaceship Interior Environment Set,Environment kit,sci-fi,"Spaceship interior, 104 meshes, UE 4.18.","104 SM, 232 T, 13 M, 20 MI, 2 maps (from manifest)",not downloaded,4.18,,none (FabLibrary only),not in VaultCache,Spaceship_Interior_Environment_Set-e55bb035,FabLibrary only,104,0,232,13,20,0,0,0,0,2,0,0
Storage House Set,Environment kit,unknown,"Storage house kit, 408 meshes.","408 SM, 191 T, 14 M, 184 MI, 2 maps (from manifest)",not downloaded,5.7,,none (FabLibrary only),not in VaultCache,Storage_House_Set-c20d8785,FabLibrary only,408,0,191,14,184,0,0,0,0,2,0,0
Stylescape: Ruins,Environment kit,stylized,Modular stylized ruins kit on a 10 cm grid.,"209 SM, 30 T, 7 M, 28 MI, 8 BP, 2 maps",0.4 GB,5.2,Stylescape,none,Stylescae9d19961b223V8,Stylescape__Ruins-838bc247,in VaultCache,209,0,30,7,28,0,0,8,0,2,0,1
Stylized Cavern Mahal,Environment kit,stylized fantasy,"Cavern temple with VFX, sequencer and 9 maps.","117 SM, 146 T, 13 M, 77 MI, 9 BP, 9 maps, 323 World Partition actor files",3.1 GB,5.4,StylArts,none,Stylizede8ef1dee2297V1,Stylized_Cavern_Mahal___Stylized_Stylised_Cavern_Temple_Mosque_Cavern_Cavern___-c07515be,in VaultCache,117,0,146,13,77,0,0,9,0,9,0,0
Stylized Fantasy Provencal,Environment kit,stylized fantasy,"Provencal village kit with blueprints, landscape material and particles.","131 SM, 109 T, 18 M, 60 MI, 2 NS/P, 9 BP, 2 maps",0.3 GB,4.23,,"ProjectDawn (whole pack, as Content/StylizedProvencal)",Stylizedf0f978cdc783V1,Stylized_Fantasy_Provencal___Stylized_Fantasy_Provencal_Stylized_Fantasy_3D__-ced19ea1,in VaultCache,131,0,109,18,60,2,0,9,0,2,0,1
Stylized Floating Slums,Environment kit,stylized fantasy,Floating slum city with 2 maps. FBX and PNG sources are included.,"109 SM, 102 T, 10 M, 42 MI, 19 BP, 2 maps, 100 FBX, 82 image files, 121 World Partition actor files",1.6 GB,5.4,StylArts,none,Stylizedd6c883a675d8V1,Stylized_Floating_Slums___Stylized_Floating_Floating_Abandoned_City_City_3D__-aa955f33,in VaultCache,109,0,102,10,42,0,0,19,0,2,100,82
Stylized Lost Ruins,Environment kit,"stylized fantasy, low poly",Lost ruins environment with FX and 2 maps.,"102 SM, 160 T, 16 M, 90 MI, 2 NS/P, 5 BP, 2 maps",0.7 GB,5.4,StylArts,none,Stylizedd6bd67e26a5eV1,Stylized_Lost_Ruins___Stylized_Lost_Ruins_Ruins_Ancient_Remains_Ruins_Low_Poly__-ddeb5112,in VaultCache,102,0,160,16,90,2,0,5,0,2,0,1
Tokyo Stylized Environment,Environment kit,stylized city,"Modular stylized Tokyo street, maglev pieces, Lumen scene, 3 maps.","150 SM, 8 SK, 100 T, 26 M, 129 MI, 11 anim, 6 BP, 3 audio, 3 maps, 47 World Partition actor files",0.6 GB,5.4,shua,none,TokyoStyc229650e47ffV1,Tokyo_Stylized_Environment-9eec7a8a,in VaultCache,150,8,100,26,129,0,11,6,3,3,0,0
Underground Subway,Environment kit,unknown,"Subway kit, 157 meshes, UE 4.23.","157 SM, 176 T, 28 M, 200 MI, 4 NS/P, 1 BP, 3 maps (from manifest)",not downloaded,4.23,,none (FabLibrary only),not in VaultCache,Underground_Subway-1d9b70ca,FabLibrary only,157,0,176,28,200,4,0,1,0,3,0,1
Warehouse,Environment kit,realistic detail (per Fab text),"Warehouse kit: shelves, pallets, crates, cabinets, 13 maps.","89 SM, 247 T, 16 M, 112 MI, 14 BP, 13 maps, 100 World Partition actor files",7.2 GB,5.6,,none,Warehous7e371bf75594V1,Warehouse-a3149fab,in VaultCache,89,0,247,16,112,0,0,14,0,13,0,0
Warehouse Environment,Environment kit,"realistic, UE5 (Nanite/Lumen)",Modular warehouse with lighting scenes and 10 maps.,"174 SM, 201 T, 9 M, 99 MI, 21 BP, 10 maps",3.0 GB,5.4,ScansMatter,none,Warehousbd3699b9bc5bV1,Warehouse_Environment-ef0311b7,in VaultCache,174,0,201,9,99,0,0,21,0,10,0,1
Bazaar (Quixel Megascans),Megascans sample,"realistic (scanned), historical","FBX scan set: market stalls and props, 4K textures.","86 FBX, 857 image files",1.7 GB (FBX cache),,Quixel Megascans,none (FabLibrary only),not in VaultCache,Bazaar-ccde8d34,FabLibrary only,0,0,0,0,0,0,0,0,0,0,86,857
Dark Ruins Megascans Sample,Megascans sample,"realistic (scanned), dungeon","Quixel sample project: dungeon ruins with bells, brass plates, candles, corridors, MS presets. 79 maps.","317 SM, 5 SK, 687 T, 40 M, 377 MI, 1 NS/P, 9 anim, 56 BP, 79 maps, 12018 World Partition actor files",27.3 GB,5.7,Quixel Megascans,none,DarkRuinac4b642bf8b9V1,Dark_Ruins_Megascans_Sample-836ed2f8,in VaultCache,317,5,687,40,377,1,9,56,0,79,0,2
Derelict Corridor Megascans Sample,Megascans sample,"realistic (scanned), abandoned","Quixel sample project: abandoned corridor, data layers, sequences. 38 maps.","241 SM, 313 T, 11 M, 240 MI, 38 maps, 4948 World Partition actor files",5.0 GB,5.7,Quixel Megascans,none,Derelict31b645c4b988V1,Derelict_Corridor_Megascans_Sample-d825ff9c,in VaultCache,241,0,313,11,240,0,0,0,0,38,0,0
Junkyard (Quixel Megascans),Megascans sample,"realistic (scanned), post-apocalyptic","FBX scan set: junk, tires, dumpsters, litter.","82 FBX, 886 image files",1.2 GB (FBX cache),,Quixel Megascans,none (FabLibrary only),not in VaultCache,Junkyard-a984aac1,FabLibrary only,0,0,0,0,0,0,0,0,0,0,82,886
Military Trench Megascans Sample,Megascans sample,"realistic (scanned), military","Quixel sample project: trench line with logs, sandbags, planks, barbed wire. 20 maps.","179 SM, 498 T, 22 M, 186 MI, 3 NS/P, 15 BP, 20 maps, 3 FBX, 1035 World Partition actor files",11.3 GB,5.8,Quixel Megascans,none,Military10a1d3c8554fV1,Military_Trench_Megascans_Sample-f18c343f,in VaultCache,179,0,498,22,186,3,0,15,0,20,3,0
Old Mine (Quixel Megascans),Megascans sample,realistic (scanned),"FBX scan set: rails, rocks, modular mine pieces.","90 FBX, 559 image files",0.9 GB (FBX cache),,Quixel Megascans,none (FabLibrary only),not in VaultCache,Old_Mine-dc4dc139,FabLibrary only,0,0,0,0,0,0,0,0,0,0,90,559
Unfinished Building (Quixel Megascans),Megascans sample,"realistic (scanned), post-apocalyptic","FBX scan set: construction frames, concrete, rubble.","38 FBX, 646 image files",0.9 GB (FBX cache),,Quixel Megascans,none (FabLibrary only),not in VaultCache,Unfinished_Building-25f2e7e5,FabLibrary only,0,0,0,0,0,0,0,0,0,0,38,646
Buildings VOL.2 - Electric & Air (Nanite and Low Poly),Props,"low poly, modern","Air conditioners, vents and machine houses. Nanite meshes.","105 SM, 176 T, 3 M, 53 MI, 2 maps",3.6 GB,5.4,,none,Building9cf4ac2b518fV1,Buildings_VOL_2_-_Electric___Air__Nanite_and_Low_Poly_-1aa3bcb4,in VaultCache,105,0,176,3,53,0,0,0,0,2,0,0
Construction Site VOL. 1 - Supply and Material Props,Props,unknown,Construction supply and material props.,"73 SM, 103 T, 5 M, 32 MI, 20 BP, 2 maps (from manifest)",not downloaded,5.3,,none (FabLibrary only),not in VaultCache,Construction_Site_VOL__1_-_Supply_and_Material_Props-ba44a508,FabLibrary only,73,0,103,5,32,0,0,20,0,2,0,1
Free sample Warehouse & Storage - Vol 01,Props,unknown,Free sample from a larger pack: 3 meshes (bench and two composed prop sets).,"3 SM, 21 T, 7 M, 7 MI, 1 map",0.6 GB,5.9,Oleg Ushenok,none,Untitled6b5a634a08e2V1,Free_sample_Warehouse___Storage_-_Vol_01-683de298,in VaultCache,3,0,21,7,7,0,0,0,0,1,0,0
Hospital Props VOL.4 - Medical Machines,Props,realistic,Medical machine props with materials and 2 maps.,"60 SM, 87 T, 4 M, 25 MI, 1 BP, 2 maps",0.3 GB,4.18,Dekogon Studios,none,ModernHo5cbc293115b3V1,Hospital_Props_VOL_4_-_Medical_Machines-15a81101,in VaultCache,60,0,87,4,25,0,0,1,0,2,0,1
Workshop Tools And Props Barrels Boxes Bundle vol.1,Props,unknown,"Workshop tools, barrels, boxes. App name is DefectProps.","58 SM, 160 T, 2 M, 119 MI, 18 BP, 12 maps (from manifest)",not downloaded,4.21,,none (FabLibrary only),not in VaultCache,Workshop_Tools_And_Props_Barrels_Boxes_Bundle_vol_1-c15f79ec,FabLibrary only,58,0,160,2,119,0,0,18,0,12,0,1
AnimGen Example,Template/sample project,n/a,"Sample for the experimental AnimGen machine-learning animation plugin. Two controllers, 200 animations.","24 SM, 2 SK, 14 T, 1 MI, 1 NS/P, 200 anim, 11 BP, 1 map (from manifest)",not downloaded,5.8,,none (FabLibrary only),not in VaultCache,AnimGen_Example-df37eb46,FabLibrary only,24,2,14,0,1,1,200,11,0,1,0,1
City Sample,Template/sample project,realistic,"City sample project: buildings, crowd, environment, props. Very large (149,286 manifest files).","14199 SM, 95 SK, 4491 T, 1619 M, 6674 MI, 11 NS/P, 394 anim, 580 BP, 1488 audio, 439 maps, 22 image files, 114363 World Partition actor files (from manifest)",not downloaded,5.8,,none (FabLibrary only),not in VaultCache,City_Sample-4898e707,FabLibrary only,14199,95,4491,1619,6674,11,394,580,1488,439,0,22
COMBAT FURY,Template/sample project,n/a (gameplay system),"Full combat system: parry, dodge, enemy AI, UEFN mannequin animation set, foley audio, demo room. A whole UE project.","67 SM, 10 SK, 433 T, 235 M, 12 MI, 33 NS/P, 1185 anim, 95 BP, 319 audio, 1 map",2.8 GB,5.9,BP Systems,"ProjectFury (whole pack, as Content/CombatFury)",COMBATFU96f3e61f4081V7,COMBAT_FURY-0650782c,in VaultCache,67,10,433,235,12,33,1185,95,319,1,0,0
"Game Animation Sample (Epic, UE 5.8)",Template/sample project,n/a (Epic sample),"Epic motion matching sample: locomotion, mannequins, Paragon Echo, MetaHuman Kellan, audio, widgets, 5 maps.","10 SM, 19 SK, 320 T, 157 M, 62 MI, 2367 anim, 65 BP, 312 audio, 5 maps",7.5 GB,5.8,Epic Games,"ProjectRunner, Sandbox (whole pack, same paths)",GameAnimationSample_5.8,,in VaultCache,10,19,320,157,62,0,2367,65,312,5,0,0
Defender: Animated Dialogue System,Tools/plugin,n/a,"Dialogue system: branching choices, typewriter text, events. Own project.","18 SM, 8 SK, 143 T, 49 M, 18 MI, 3 NS/P, 9 anim, 38 BP, 116 audio, 2 maps (from manifest)",not downloaded,5.8,Game Dev Voyager,none (FabLibrary only),not in VaultCache,Defender__Animated_Dialogue_System-a1d1d4a5,FabLibrary only,18,8,143,49,18,3,9,38,116,2,0,3
Easy Combo Buffering,Tools/plugin,n/a (gameplay system),"Input buffering component for combos, weapon blueprints, demo room and montages.","19 SM, 4 SK, 32 T, 35 M, 1 MI, 48 anim, 11 BP, 1 map",76 MB,5.6,BP Systems,none,EasyComb307869ca0969V2,Easy_Combo_Buffering-be3fdfd2,in VaultCache,19,4,32,35,1,0,48,11,0,1,0,0
Footsteps Sounds with Blueprint Setup,Tools/plugin,n/a (audio),"Male and female footstep and jump grunt sounds per surface, with a character blueprint setup.","2 SK, 4 T, 3 M, 8 anim, 192 audio, 1 map",36 MB,5.1,Bartosz Kamol Kaminski,none,Footstep12a4ba92e5f5V3,Footsteps_Sounds_with_Blueprint_Setup-8c4c052f,in VaultCache,0,2,4,3,0,0,8,0,192,1,0,1
Performance Capture Toolkit Plugin,Tools/plugin,n/a,"Plugin content for performance capture, built for UE 5.8. 23 files. Seller not in the listing DB.","1 T, 2 BP (from manifest)",not downloaded,5.8,,none (FabLibrary only),not in VaultCache,Performance_Capture_Toolkit_Plugin-c69db349,FabLibrary only,0,0,1,0,0,0,0,2,0,0,0,1
Advanced Magic FX 12,VFX,fantasy,"Magic spell effects with blueprints, a few meshes and a demo map.","6 SM, 3 SK, 18 T, 18 M, 39 MI, 74 NS/P, 9 anim, 31 BP, 1 map",0.1 GB,5.5,Kakky,none,Advanced78ce22a41175V2,Advanced_Magic_FX_12-781e40be,in VaultCache,6,3,18,18,39,74,9,31,0,1,0,0
"Realistic Gun VFX (Muzzle Flash, Bullet Impact, Ejections, Gun VFX, VFX)",VFX,realistic,"Niagara muzzle flash, bullet impact and ejection effects, emitters, materials, demo.","31 SM, 210 T, 25 M, 160 MI, 125 NS/P, 17 BP, 1 map",0.9 GB,5.6,,none,Realisti6ed25c895692V1,Realistic_Gun_VFX__Muzzle_Flash__Bullet_Impact__Ejections__Gun_VFX__VFX_-21573c1a,in VaultCache,31,0,210,25,160,125,0,17,0,1,0,0
"Smoke & Fog VFX (Smoke, Smoke VFX, Smoke Niagara, Dust, Fog)",VFX,n/a,"Niagara smoke, dust and fog systems with textures and a demo map.","129 T, 4 M, 51 MI, 43 NS/P, 1 anim, 1 BP, 1 map",0.5 GB,5.5,,none,SmokeAndbb8d1fdd6904V1,Smoke___Fog_VFX__Smoke__Smoke_VFX__Smoke_Niagara__Dust__Fog_-bc9691f9,in VaultCache,0,0,129,4,51,43,1,1,0,1,0,0
VFX Attack Trails,VFX,n/a,"Weapon and attack trail effects: elemental, magic, speed trails.","1 SM, 38 T, 47 M, 67 NS/P, 13 BP, 1 map",0.1 GB,5.1,UNF Games,none,VFXAttacd50aeadd792cV4,VFX_Attack_Trails-7c632170,in VaultCache,1,0,38,47,0,67,0,13,0,1,0,0
